{
    "buttons": [{
            "link": "2",
            "icon": "montheme/img/icon_home.png"
        },
        {
            "link": "3",
            "icon": "montheme/img/icon_light.png"
        },
        {
            "link": "4",
            "icon": "montheme/img/icon_temp.png"
        },
        {
            "link": "5",
            "icon": "montheme/img/icon_camera.png"
        },
        {
            "link": "6",
            "icon": "montheme/img/icon_music.png"
        },
        {
            "link": "7",
            "icon": "montheme/img/icon_reseau.png"
        },
        {
            "link": "8",
            "icon": "montheme/img/icon_consomation.png"
        }
    ]
}